"Index","Open","High","Low","Close","Volume"
1970-01-02,201,204.5,200.7,203.4,4687
1970-01-03,203,203.5,199.7,200.2,4171
1970-01-04,199,201.5,199,199.6,4800
1970-01-05,199.5,199.5,195,195.2,4484
1970-01-06,193.8,194,189,190.5,5033
1970-01-07,189.7,193,189.5,190.6,4298
1970-01-08,189.8,190,183,183.2,2930
1970-01-09,183.8,184.5,182.5,184.3,2612
1970-01-10,185,187,183.8,186.6,2011
1970-01-11,190,191,187,187,1329
1970-01-12,186,187,181.7,182.6,1670
1970-01-13,182,186.5,181.5,186.2,1094
1970-01-14,186.5,189.2,186,187,789
1970-01-15,182.1,183.8,181,182.8,5801
1970-01-16,182.8,187,182.5,186.6,8752
1970-01-17,186.8,187.7,183.6,183.9,9387
1970-01-18,183.1,183.5,179.8,179.9,8021
1970-01-19,179.1,180.8,177,178.3,8307
1970-01-20,178.5,179.2,175.8,177.2,8524
1970-01-21,177.2,179.3,175.5,178.2,7817
1970-01-22,177.5,180.1,177.5,179.2,6624
1970-01-23,179.5,179.7,175,175.1,8412
1970-01-24,175.5,178,174.3,176.5,9224
1970-01-25,176.5,181,176.3,180.6,8331
1970-01-26,181,181.7,178.6,179.7,7075
1970-01-27,178.5,178.8,175.8,176.4,7180
1970-01-28,175.5,177.5,175.2,177.4,5663
1970-01-29,177.8,178.4,176.6,178,6103
1970-01-30,179,182.5,179,182.3,7390
1970-01-31,182,187.5,181.7,187.2,13289
1970-02-01,186.5,187,185,185.4,6583
1970-02-02,185.4,188.8,183.4,188.6,7372
1970-02-03,187,188.5,185.5,186.3,7479
1970-02-04,186.3,192.2,184.5,187,9684
1970-02-05,186.8,187.9,184.5,185.1,7460
1970-02-06,184.5,186.5,181.5,185.2,10140
1970-02-07,185.5,186.6,184.8,186.2,4438
1970-02-08,185.5,186.2,184.6,185.1,4145
1970-02-09,184.2,186.2,183.5,186.1,5258
1970-02-10,186.8,190.5,186.8,189.6,2850
1970-02-11,189.1,190.8,188.9,190.6,3166
1970-02-12,190.7,191.2,189.3,190.1,2427
1970-02-13,189.5,189.8,188.2,188.6,1909
1970-02-14,189,189,186.1,186.3,2097
1970-02-15,186,188,185.8,186,2476
1970-02-16,187,188,186,187.4,1703
1970-02-17,187,187.5,184.8,184.9,2270
1970-02-18,184.5,185,182.1,182.7,1641
1970-02-19,182.5,183.8,181.5,183.5,761
1970-02-20,183.5,185.5,183.5,185.2,857
1970-02-21,185.8,186,184.7,185.5,411
1970-02-22,185.5,185.5,184.4,185.2,806
1970-02-23,185.3,188,185,187.9,755
1970-02-24,188,188.9,187,187.1,1124
1970-02-25,187.2,190.5,187.2,189.5,1070
1970-02-26,189.3,193.8,189.3,192.2,432
1970-02-27,193.5,193.5,190.1,191.1,8830
1970-02-28,190.5,195,189.3,194.8,12066
1970-03-01,194.3,195.2,193.3,193.8,8064
1970-03-02,193.7,195.2,192.6,195,6765
1970-03-03,194.5,194.5,192.7,192.9,6388
1970-03-04,192.1,193.8,191.5,192.6,6272
1970-03-05,192.5,194,192.1,193.8,4755
1970-03-06,197.5,201.2,197.5,199.4,11109
1970-03-07,198.5,199,196.8,198.9,5806
1970-03-08,198.5,200,197.7,197.8,6688
1970-03-09,196.8,199.5,196.2,199.4,5602
1970-03-10,199.6,200.8,198.6,200.6,7045
1970-03-11,201.7,201.7,199.8,200.9,5264
1970-03-12,200,200.5,198.9,200.4,6098
1970-03-13,200.5,200.8,199,199.6,5038
1970-03-14,199.3,199.7,196.5,199.6,8198
1970-03-15,199.3,200,195.3,196.1,8380
1970-03-16,195.8,197.5,194.8,197.3,4101
1970-03-17,197.3,198.7,196.7,198.6,4202
1970-03-18,198.5,198.5,196.8,196.9,6024
1970-03-19,195.5,195.5,194,194,9660
1970-03-20,193.5,195.7,193.5,195.4,5985
1970-03-21,195.5,196.8,195,195.1,7000
1970-03-22,194.8,197.5,194.3,197.4,7868
1970-03-23,196.5,199.2,196.5,198.2,9071
1970-03-24,198.8,200.8,198.5,199.9,7549
1970-03-25,199.5,203.7,199.4,203.5,3425
1970-03-26,203.7,205.8,203,203.7,3290
1970-03-27,203.5,204.6,202.7,203.5,2689
1970-03-28,202.5,203.8,202,203.5,2210
1970-03-29,203.3,205.3,202.7,204.2,2084
1970-03-30,205,207,205,206.9,1624
1970-03-31,205.8,209,205.5,208.9,2296
1970-04-01,209.3,211.5,209,211.4,1676
1970-04-02,217,217,214.5,215.8,1487
1970-04-03,215,215,213,213.8,1887
1970-04-04,213.3,218.1,212.3,217.8,1298
1970-04-05,223,229,223,229,2516
1970-04-06,228.5,230.5,227.5,230.3,1770
1970-04-07,229,234.9,228,233.8,1991
1970-04-08,239,249,238.5,246.5,876
1970-04-09,232.5,237.8,231.3,237.2,14375
1970-04-10,231,233,228,230.8,10948
1970-04-11,231.8,238.8,230,238.6,17589
1970-04-12,239.4,240.7,229,231,14580
1970-04-13,230,231,224.2,229.2,16328
1970-04-14,232,233.7,230.5,231.2,9159
1970-04-15,241.2,241.2,241.2,241.2,5599
1970-04-16,242,247,242,245.7,18207
1970-04-17,244.8,255,244.3,252.7,14754
1970-04-18,262.7,262.7,259.5,262.7,10591
1970-04-19,272.7,272.7,272.7,272.7,3542
1970-04-20,287.7,287.7,278.5,280.5,19865
1970-04-21,274.5,280.5,273,273.5,13401
1970-04-22,274,282,270,281.2,15845
1970-04-23,290,291.2,272,284,13857
1970-04-24,286,286,277,282.2,6891
1970-04-25,286,288.8,283,283.5,8950
1970-04-26,289.5,293.5,289.5,293.5,4994
1970-04-27,303.5,303.5,296.5,298.2,12460
1970-04-28,296,303.5,292.5,302.5,9237
1970-04-29,312.5,312.5,312.5,312.5,2884
1970-04-30,322.5,322.5,316,322.5,7318
1970-05-01,319,325.5,315,325,10689
1970-05-02,325,336.5,315,316.2,10589
1970-05-03,308,316,304.5,310.7,6843
1970-05-04,320.7,320.7,320.7,320.7,2199
1970-05-05,316,316,305.7,305.7,9387
1970-05-06,280,285,275,278.2,11621
1970-05-07,290,300,284.5,293.2,6374
1970-05-08,297,302,293,293.5,3879
1970-05-09,298,298,281,285.2,2123
1970-05-10,287,294,282.5,293.5,1702
1970-05-11,294,294.5,276,279.2,2238
1970-05-12,277,282.5,274,276,1238
1970-05-13,268,268,256.5,256.7,1517
1970-05-14,259.5,267.5,259.5,266.2,1517
1970-05-15,276,286,275,285.7,2599
1970-05-16,304,310,293.5,294.2,4029
1970-05-17,290,299,290,297,2853
1970-05-18,260,270,257.5,262.5,3753
1970-05-19,260,265,257,262.7,6936
1970-05-20,260,266,249,249,1652
1970-05-21,251,256,248.8,255.2,6467
1970-05-22,256,259,254,254.7,5773
1970-05-23,253.5,253.5,244.7,245.2,5392
1970-05-24,237.5,240,235.2,235.2,5790
1970-05-25,240,241.5,232,234.7,9001
1970-05-26,235,237.5,230,230.7,9579
1970-05-27,232.5,243.5,232.5,243,7140
1970-05-28,256.7,263,256,261.2,5853
1970-05-29,263.5,264,257,259.2,4844
1970-05-30,259.2,261,255,260.5,2562
1970-05-31,267,273.7,264,269.2,3301
1970-06-01,270,272,268,271.2,1973
1970-06-02,266,266,258.5,258.7,1675
1970-06-03,262,267,261.5,267,2008
1970-06-04,268.5,273,266.5,272.2,2038
1970-06-05,273,274,269.5,269.5,2013
1970-06-06,289.4,289.4,270,270.5,3883
1970-06-07,274.4,284,274.4,283.7,1922
1970-06-08,280,285,277,277.5,2067
1970-06-09,275,278,271,277.5,1397
1970-06-10,278,278.5,275,277.2,1137
1970-06-11,277,279.5,274.2,277.2,1169
1970-06-12,274,274,267,267.5,705
1970-06-13,263,266.9,255.2,255.3,5953
1970-06-14,255,264,252,263.5,6161
1970-06-15,263.5,265.3,261,262.5,3443
1970-06-16,261.5,262.5,259.5,260.7,3486
1970-06-17,259,259,253.5,257,5604
1970-06-18,258,265,258,264.7,7662
1970-06-19,264,267.5,263,266.7,4880
1970-06-20,271,273,270,270,3257
1970-06-21,269,271,267.5,270.7,2797
1970-06-22,272.1,277.5,272.1,277.5,2986
1970-06-23,277,279.5,273.5,278.7,3364
1970-06-24,277,281.5,274.5,281.5,1227
1970-06-25,279.5,280,275.2,277.7,1305
1970-06-26,276.5,278.5,276,277,1410
1970-06-27,272.5,283,272,279.2,2071
1970-06-28,280.5,281,279,280.5,1261
1970-06-29,280.5,284,278.5,279.7,1011
1970-06-30,279,279,273.6,273.8,3455
1970-07-01,272,272,260.1,261.5,1954
1970-07-02,262.5,263,256,257,1039
1970-07-03,259,260,259,260,777
1970-07-04,262,262.8,254.3,262.4,5262
1970-07-05,263,263.9,261.8,263.2,6137
1970-07-06,260,260,255.5,255.7,3839
1970-07-07,254.5,255.5,250.2,252.7,9497
1970-07-08,254.5,257,252.1,255.2,6646
1970-07-09,254.5,254.5,252.2,253.8,6269
1970-07-10,253.5,258,253.5,257.4,6577
1970-07-11,256.5,262,255.5,260.7,3230
1970-07-12,261.5,267,261,266.8,2694
1970-07-13,266.5,269,265.5,267,2194
1970-07-14,263,263.5,259,262,2390
1970-07-15,262,262,255.2,255.3,2298
1970-07-16,256.5,257.5,254.5,255.1,1792
1970-07-17,255.5,256,252.5,253,3213
1970-07-18,253.5,254,251.5,252.4,1044
1970-07-19,253.5,260.5,253.5,260.2,954
1970-07-20,258,259.8,257.5,258.7,763
1970-07-21,257.5,262.5,256.5,262.5,1155
1970-07-22,262.5,262.5,258.5,258.7,734
1970-07-23,257,258.5,255,258.2,1435
1970-07-24,258.5,259,254.5,255,384
1970-07-25,256.5,256.8,250.5,250.7,19278
1970-07-26,249,249,242.5,245.2,19291
1970-07-27,246.5,248,245.8,246.3,10012
1970-07-28,246.5,250,243.8,249.2,11821
1970-07-29,249.5,250,245.5,245.6,10843
1970-07-30,244,250,242.8,249.9,11635
1970-07-31,250,254.5,250,253.6,11413
1970-08-01,253.5,255.4,251.5,254.4,9990
1970-08-02,256,263.3,256,262.1,19628
1970-08-03,262.5,264,261.5,261.8,11934
1970-08-04,269,269,259.2,262,14914
1970-08-05,260,265.7,255.6,265.3,11797
1970-08-06,264.5,266,262.3,265.2,12203
1970-08-07,264,264.8,260.8,263.3,9956
1970-08-08,262.5,268.7,256.5,256.7,19949
1970-08-09,257.7,258,251,253.6,9807
1970-08-10,252.5,253.3,247.5,252,11872
1970-08-11,252.8,252.8,246.2,246.5,10970
1970-08-12,246,249.2,245.2,246.5,9245
1970-08-13,245.5,245.5,238,238.6,13073
1970-08-14,239,240.5,236.6,238.2,8494
1970-08-15,238.2,243,237.5,242.7,6463
1970-08-16,243.8,248.5,242.5,247.6,9704
1970-08-17,248,248.3,244,247.4,5593
1970-08-18,251.3,251.3,242.6,244.3,9960
1970-08-19,243,244.2,238.6,243.1,12773
1970-08-20,243,248.5,241.8,248.2,7279
1970-08-21,248.5,248.5,241.8,243.7,3735
1970-08-22,242,246.5,239.5,244.7,3316
1970-08-23,245.5,247,241.2,241.9,2331
1970-08-24,240.5,249,240.2,248.2,3015
1970-08-25,246.5,249.7,246.5,246.9,1594
1970-08-26,248,252,245,245.5,1745
1970-08-27,245.5,248,244,246.7,982
1970-08-28,245.5,247,243.5,243.8,1094
1970-08-29,242.8,244,241.6,243.9,1178
1970-08-30,246,249.5,245,249.2,1320
1970-08-31,250.5,250.7,248.5,249.6,901
1970-09-01,249,255.5,249,255.5,923
1970-09-02,258,258.5,255,258.2,921
1970-09-03,255,256.1,253,253,484
1970-09-04,249.1,256.5,249.1,255.7,7677
1970-09-05,256,257,255,255.1,6025
1970-09-06,255,256,253.5,256,4299
1970-09-07,255.5,256.1,254.8,255.3,3776
1970-09-08,253.8,256.4,253.3,254.8,7976
1970-09-09,255.5,256.3,253,254.9,8201
1970-09-10,254.2,261,253.8,260.5,4653
1970-09-11,259.6,264,259.6,261,4727
1970-09-12,260,266.5,259,266.1,4440
1970-09-13,266,267.5,264.1,264.7,2324
1970-09-14,265,268.4,265,267.1,1471
1970-09-15,266,267.9,261.8,262,2145
1970-09-16,262,263.3,259.6,260.2,2147
1970-09-17,260.2,261.6,259.2,259.3,903
1970-09-18,260,261,259,260.5,1359
1970-09-19,260.5,264,260.5,263.7,489
1970-09-20,259.6,259.6,250.5,254,2742
1970-09-21,255,255,248.5,250,2667
1970-09-22,251,251,246.3,250,1149
1970-09-23,250,250,246.7,247,817
1970-09-24,247,247,240,241.1,485
1970-09-25,243,244.8,241.5,243.6,7717
1970-09-26,246,251.5,245.8,251.2,13083
1970-09-27,249.2,250.2,244,244.6,10570
1970-09-28,246,251.2,242,248.7,13430
1970-09-29,248.8,249.5,245.1,246.5,7136
1970-09-30,246,249,245.1,247.8,6435
1970-10-01,249.2,250.3,248,249.6,8569
1970-10-02,250,252,246,247.2,9910
1970-10-03,246,246.9,244,245.7,7460
1970-10-04,245.5,247.8,245.5,246.5,5435
1970-10-05,245.8,246,240.8,241.4,12152
1970-10-06,240.2,242.8,240,242.6,6617
1970-10-07,241.5,242,236.5,238.6,12432
1970-10-08,238,239.3,237.3,238.2,5211
1970-10-09,237.7,239.5,233.6,234.3,9836
1970-10-10,233,233.8,230.4,230.7,8624
1970-10-11,231,234.4,231,233.9,8476
1970-10-12,233,236,232.4,235.6,8982
1970-10-13,235.5,236,231.2,231.6,9983
1970-10-14,230.5,241,228.5,239.2,13266
1970-10-15,236.5,237.8,235.5,237.2,7943
1970-10-16,238,240,234.6,239.2,8430
1970-10-17,238.2,239.9,236.8,238.8,8674
1970-10-18,238,242.5,236.9,240.2,8508
1970-10-19,239.5,240.5,238.7,239.6,7867
1970-10-20,241,242,239.3,239.4,5241
1970-10-21,238,238.8,236.2,236.7,5590
1970-10-22,235.8,241.5,235,240.7,5099
1970-10-23,241,243.1,240.5,241.6,2777
1970-10-24,240.3,245.5,240.3,245.2,4004
1970-10-25,245,245.3,242.1,243.5,3284
1970-10-26,243,243,239,239.3,3433
1970-10-27,238,243,238,241.4,2182
1970-10-28,241.5,244.3,238.5,238.9,2556
1970-10-29,238.5,242.8,238,242.5,989
1970-10-30,243.5,243.9,241.5,243.4,1212
1970-10-31,243.2,243.2,240.5,241.7,2483
1970-11-01,240.8,241.3,239.5,240.6,2561
1970-11-02,241.3,244.5,238.5,243.6,2618
1970-11-03,242,245.8,242,245.6,1804
1970-11-04,245.5,246.4,245,245.1,1672
1970-11-05,241.6,246,241,245.8,11740
1970-11-06,246,246.7,243.2,243.7,12574
1970-11-07,243,243,236,236.1,13663
1970-11-08,235.5,236.6,233.8,235,14517
1970-11-09,235,236.3,234.3,234.8,6411
1970-11-10,234.5,234.8,227,227.2,15052
1970-11-11,228,229.4,226.5,227.5,10167
1970-11-12,224,225.5,217.5,218.4,14837
1970-11-13,220,221.3,219.8,221.1,9904
1970-11-14,220.5,221.5,219.1,220.1,7167
1970-11-15,220.2,221.5,218.5,220.7,7448
1970-11-16,221.5,221.5,219,219.1,8044
1970-11-17,218,223.5,216,221.9,14522
1970-11-18,221.5,222.9,221.3,222.1,4134
1970-11-19,223.5,225,223.3,224.4,7609
1970-11-20,224.6,225.6,223.1,224.7,8844
1970-11-21,225.8,227.5,225.7,226.9,9224
1970-11-22,228.2,234,228.2,230.2,12290
1970-11-23,229,230.8,228.3,230.6,8335
1970-11-24,231.5,233.5,225.2,227.8,11657
1970-11-25,228.4,230.4,227.2,228.6,7346
1970-11-26,232,233.5,230.7,232.3,9404
1970-11-27,228.5,229.3,226.5,228.6,8295
1970-11-28,227.8,228.5,224.5,224.7,9252
1970-11-29,225,226,223.8,225.4,12256
1970-11-30,225.5,226.8,223.1,223.3,7655
1970-12-01,221.5,221.7,219.7,221.6,7996
1970-12-02,223,224.5,222,224,7112
1970-12-03,223,224,220.5,222.4,6009
1970-12-04,223.5,227,222.2,226,4660
1970-12-05,226.5,227.5,225,226.7,2765
1970-12-06,226,227.7,225.5,227.1,1875
1970-12-07,226.5,226.5,223,223.5,2583
1970-12-08,225,225,221.1,223.7,2114
1970-12-09,223.5,223.5,221.1,221.9,1509
1970-12-10,221.5,221.5,218.6,219.9,3037
1970-12-11,220,222.2,219,220.5,912
1970-12-12,221,222,217.8,219.7,1613
1970-12-13,219.5,219.5,215.5,215.6,1637
1970-12-14,214,216,213.1,215.7,2307
1970-12-15,215.8,216.8,213.9,214.4,1161
1970-12-16,214.3,214.3,209.5,210.2,365
1970-12-17,210,210,203.8,205.4,16950
1970-12-18,207.5,207.5,204.5,206.1,9835
1970-12-19,203.5,209.3,203.5,206.2,14945
1970-12-20,207.5,209.2,207.1,208,8450
1970-12-21,210.1,211,208.7,209.6,10137
1970-12-22,207,212,205.6,211.1,13368
1970-12-23,212,213.2,210.5,210.8,10663
1970-12-24,209.5,212,207.4,211.1,11832
1970-12-25,211.5,211.5,208.8,209,6937
1970-12-26,207.5,209.9,206.5,208.7,8131
1970-12-27,208.8,209.5,207,208.5,7400
1970-12-28,208.5,209,205.6,207.3,6994
1970-12-29,207.5,210.2,205.1,205.6,6931
1970-12-30,206,206,203.8,204.4,6576
1970-12-31,203,203.5,201.3,201.7,7203
1971-01-01,202.3,203.8,201.7,203.4,7511
1971-01-02,204.7,208.4,204.7,208,11393
1971-01-03,208,211.9,208,211.4,10373
1971-01-04,213,216,212.5,215.2,10850
1971-01-05,217.5,225.2,217.5,224.2,12223
1971-01-06,223.5,223.8,217.5,217.8,9827
1971-01-07,217,220.8,216.3,218.2,10889
1971-01-08,221,221.3,214.5,214.7,9900
1971-01-09,215.8,220,214.3,219.2,9484
1971-01-10,216.5,217.5,214.1,217.3,7587
1971-01-11,216.7,218,215.4,217.4,6466
1971-01-12,217.5,218.8,214.3,214.6,8610
1971-01-13,213.5,215,212.5,212.7,7851
1971-01-14,213.5,216.8,213.5,215.6,5687
1971-01-15,226,230,225,229.7,5850
1971-01-16,227.5,230.5,225,226,4733
1971-01-17,224.5,227,223.5,224.6,3746
1971-01-18,224,224,218.2,218.7,3344
1971-01-19,218.7,219.3,214.6,215.7,2769
1971-01-20,212,213,208.7,209.2,3172
1971-01-21,212.5,212.5,209.5,211.8,2158
1971-01-22,210.1,218,209.8,217.7,1146
1971-01-23,215,215,210,210.5,1723
1971-01-24,210,217.5,209.9,215.5,1901
1971-01-25,217.5,221.5,217.5,221.5,2663
1971-01-26,223.5,235,219.7,231.5,1512
1971-01-27,209,209.2,206.6,207.7,5150
1971-01-28,206.5,207.3,204,204.2,7764
1971-01-29,204,205.8,204,204.2,7082
1971-01-30,205,206.5,204.7,205.3,5743
1971-01-31,205.5,209.8,205,209.6,9274
1971-02-01,209.6,210.2,206,206.7,8331
1971-02-02,204.5,204.5,199.8,200.1,7394
1971-02-03,200.5,201,196.5,197.4,5244
1971-02-04,197,197.3,194.7,194.9,2957
1971-02-05,194,194,183.2,185,6612
1971-02-06,186,189.8,186,188.2,2502
1971-02-07,188,192,188,191.7,2054
1971-02-08,190.6,194.5,190.6,191,1989
1971-02-09,190.5,193,190,192.9,1827
1971-02-10,193.5,196.5,193.5,196.2,1224
1971-02-11,202,204,200,202.2,2412
1971-02-12,199,199.5,193,198.7,1324
1971-02-13,200,204.6,199.7,204.4,1917
1971-02-14,204.5,206.8,203.8,206.5,1790
1971-02-15,205.5,206,203.8,205.5,1245
1971-02-16,207.5,209,201.5,203.7,1156
1971-02-17,203,210.5,203,210.2,1431
1971-02-18,209.5,210,203.5,205,1012
1971-02-19,193,194.4,192.2,193.6,4605
1971-02-20,192.8,194.2,192.2,193.5,3993
1971-02-21,194.5,194.5,190.1,190.9,4544
1971-02-22,189,191.8,188.2,191.7,7488
1971-02-23,192,193.9,190.5,193.7,5558
1971-02-24,194.2,194.3,191.5,191.8,5646
1971-02-25,192,195.8,192,194.5,3932
1971-02-26,194,195.7,193.5,193.8,3058
1971-02-27,193.5,194.5,192.2,193.7,2161
1971-02-28,193,194.8,192.5,194.4,3324
1971-03-01,195.5,198.8,195.5,198.4,2726
1971-03-02,197.9,203.5,197.9,202.8,3714
1971-03-03,203,205.1,202.5,204.9,1595
1971-03-04,204.1,207,203.5,206.9,2018
1971-03-05,206.5,209.4,204,204.3,3423
1971-03-06,205,206.5,203.1,203.3,2335
1971-03-07,203.8,207,203.5,206.8,1304
1971-03-08,206,206.5,204.8,205.7,1481
1971-03-09,205.5,205.5,204.1,204.6,1993
1971-03-10,206,206.5,202.5,205.6,1526
1971-03-11,188.2,188.8,186.1,188.3,5709
1971-03-12,188.3,188.5,185.3,187.7,4388
1971-03-13,187,187.5,185.8,187.1,5272
1971-03-14,186.8,189.7,184.5,184.7,8842
1971-03-15,185.5,185.5,183.1,183.7,6987
1971-03-16,184.4,186.3,183.7,186.1,5217
1971-03-17,184.1,187,184,186.6,3460
1971-03-18,190,193.8,188.5,191.3,4802
1971-03-19,190.5,193,190,192.8,2229
1971-03-20,193,194,192.2,192.9,2324
1971-03-21,192,193.5,191.5,192.7,3375
1971-03-22,192.8,192.8,190.5,190.7,2163
1971-03-23,190,190.3,188.5,188.7,1871
1971-03-24,188.1,188.1,185.5,186.2,3008
1971-03-25,187.1,187.5,186,186.6,1377
1971-03-26,186.4,186.5,185.4,185.9,2258
1971-03-27,185.5,186,183.9,183.9,2222
1971-03-28,184,184.8,183,184.6,2551
1971-03-29,185.5,188.5,185.5,188,1543
1971-03-30,188.2,188.2,187.4,188,2224
1971-03-31,190,191.5,188.3,190,1436
1971-04-01,189.5,189.5,186.5,188,1224
1971-04-02,184.2,185,183.5,184.5,6470
1971-04-03,184.1,184.9,183.6,184.7,8081
1971-04-04,184.5,185.9,184.2,185.6,10721
1971-04-05,186,186,184.7,185.1,7692
1971-04-06,184.3,184.3,182.5,182.8,8351
1971-04-07,182,182.8,181.5,182.6,7714
1971-04-08,182.2,183,182.2,182.6,5330
1971-04-09,182.2,182.9,180.9,182.6,9180
1971-04-10,183.2,184.6,183.2,184.3,5605
1971-04-11,184.2,184.5,182.1,183.6,7418
1971-04-12,183,184.4,182.5,182.8,5531
1971-04-13,182.8,182.8,181.6,181.7,6396
1971-04-14,181.5,181.9,181.1,181.8,4884
1971-04-15,181.6,183.6,181.3,183.5,5473
1971-04-16,183.7,185.5,182.1,185.3,9706
1971-04-17,185.5,186,185.1,185.5,5642
1971-04-18,185,186.9,184.6,186.1,9950
1971-04-19,186.2,187.6,185.9,187.4,9410
1971-04-20,187,188.5,186.8,188,6392
1971-04-21,188.3,188.5,187.1,188.4,4785
1971-04-22,188.4,188.4,185.5,185.9,6796
1971-04-23,186,186.4,185.1,186.2,5731
1971-04-24,186.2,187.8,185.9,187.6,6359
1971-04-25,185.5,185.5,184,184.1,6945
1971-04-26,184.3,184.5,183.3,184.4,7884
1971-04-27,184.3,184.3,181.6,182.1,11841
1971-04-28,183.5,184.9,182.9,183.3,6261
1971-04-29,183.3,183.8,181.7,181.8,2793
1971-04-30,180.5,181.4,180.4,180.6,2813
1971-05-01,180.6,181.1,179.7,180,3977
1971-05-02,180.2,180.8,178.5,180.4,2389
1971-05-03,180.8,181.1,179.8,180.1,1744
1971-05-04,179.8,180,178.9,179.7,1785
1971-05-05,180.5,182,180,180.6,1764
1971-05-06,180,180.7,179.2,180.6,1229
1971-05-07,180.6,182.8,179.5,182.6,1415
1971-05-08,183.1,183.5,182.2,183.1,746
1971-05-09,183.8,184.2,182.9,184.1,667
1971-05-10,184.1,186,183.2,185.6,1129
1971-05-11,187,190,185.5,188.7,1102
1971-05-12,183.5,183.8,182.1,182.4,4882
1971-05-13,182.1,182.5,181.8,182.3,3432
1971-05-14,182.3,182.3,181,181.2,3949
1971-05-15,180.5,180.5,178.8,179.2,5717
1971-05-16,179,179.3,177.8,177.9,6913
1971-05-17,178.3,181.3,178,180.8,5766
1971-05-18,180.8,181.7,180.1,181.6,2381
1971-05-19,181.4,181.5,179.3,179.7,2210
1971-05-20,179.3,180.5,178.4,180,2198
1971-05-21,180.8,181.5,179.1,179.2,2486
1971-05-22,178.8,179.8,178.3,178.9,1718
1971-05-23,179.5,179.7,178.5,179.3,1666
1971-05-24,179.3,179.7,178.7,178.9,2533
1971-05-25,179.1,179.1,178.2,178.2,2701
1971-05-26,178.6,179.2,178,178.8,1373
1971-05-27,180.5,180.5,176.5,176.6,2657
1971-05-28,176,176.8,174.5,174.7,1693
1971-05-29,174,174.5,171.8,171.9,1614
1971-05-30,171.8,171.9,170,170.6,1273
1971-05-31,170.8,171.2,169.7,170.3,825
1971-06-01,170,170.3,167.5,167.5,1145
1971-06-02,167.5,167.5,167,167,141
1971-06-03,171.3,172.2,171.2,171.9,4521
1971-06-04,171,173.7,170.8,171.2,7785
1971-06-05,171,171,169.2,169.4,7041
1971-06-06,169.6,169.9,168.5,168.9,4255
1971-06-07,168.7,169.8,167.1,169.7,6073
1971-06-08,170,170,167.2,167.6,7270
1971-06-09,167.2,168.4,166.8,167.9,5647
1971-06-10,168,168.8,167.3,167.4,5523
1971-06-11,167.2,167.2,165.6,166.4,5148
1971-06-12,166.4,167,165.7,166.2,4317
1971-06-13,165.9,167.5,165.8,167.4,4820
1971-06-14,168,169.1,167.7,168.8,6585
1971-06-15,169.5,169.5,166.7,167.1,4894
1971-06-16,167,168,166.7,167.2,3577
1971-06-17,167.5,167.7,166,166.5,4793
1971-06-18,166.3,166.7,165.4,165.7,5247
1971-06-19,165.3,166.3,164.4,165.1,4975
1971-06-20,165.8,166.3,165.5,165.6,4973
1971-06-21,165.5,166.7,164.9,166.2,4683
1971-06-22,166.2,167,165.6,165.9,5374
1971-06-23,165.3,165.9,164.3,165,5455
1971-06-24,165,165,163.5,164,7904
1971-06-25,164.2,164.5,161.6,161.8,7278
1971-06-26,161.3,161.8,160.4,161.3,9057
1971-06-27,161,163,161,161.9,8813
1971-06-28,161.4,162.5,160.7,162.2,4798
1971-06-29,161.8,163.2,161.2,161.4,5870
1971-06-30,161,161.2,158,159.4,5627
1971-07-01,159.5,160.2,159.2,159.4,2880
1971-07-02,159.4,163,159.3,162.5,1970
1971-07-03,163,165.1,162.5,163.3,1310
1971-07-04,163.2,165.8,162,165.7,1196
1971-07-05,165.7,167.7,165.7,167.1,1202
1971-07-06,166.8,167,164.5,165.4,1713
1971-07-07,164.8,165.7,164.5,165.1,395
1971-07-08,164.8,165,163.3,163.4,1548
1971-07-09,163.2,165.5,162.9,165.3,251
1971-07-10,165,165.2,162.6,163.7,936
1971-07-11,162.6,166.6,162.5,166.5,305
1971-07-12,166.5,170.5,166.2,170.5,596
1971-07-13,171,174,171,171.2,753
1971-07-14,175.3,176.8,174.7,176.3,13408
1971-07-15,175.5,175.5,171.6,172.4,12968
1971-07-16,172.3,175.1,170.6,174.2,9494
1971-07-17,174.5,174.7,173.2,173.4,6504
1971-07-18,172.8,172.9,170.1,170.3,7625
1971-07-19,169.8,171.2,169.5,170.7,6461
1971-07-20,171,171.9,170.4,171.7,5791
1971-07-21,171.3,172.3,169.8,169.9,6582
1971-07-22,169.8,170.5,168.5,169.3,8599
1971-07-23,170,172.7,170,171.8,9815
1971-07-24,172.5,173.8,171.2,173.7,8899
1971-07-25,175,176,172.7,174.4,10886
1971-07-26,174.5,175.8,173.8,175.1,7039
1971-07-27,174.8,174.8,173,173.4,5548
1971-07-28,173,173,171.2,171.6,6343
1971-07-29,171.2,171.5,169.3,169.4,7052
1971-07-30,168.3,169.7,167.7,169.1,5191
1971-07-31,169,171,168.3,170.8,6795
1971-08-01,171.5,172.5,171,171,8287
1971-08-02,171.5,173.8,171,172.7,8008
1971-08-03,173,173.5,172,172.8,5976
1971-08-04,172.8,173.4,171,171.5,4990
1971-08-05,170.8,171.2,168.8,168.9,6945
1971-08-06,168.8,172.5,168.8,172.3,8224
1971-08-07,173.1,180.8,172.8,180.5,13243
1971-08-08,179.5,187,178.5,184.4,9283
1971-08-09,183.5,185.7,182.5,184.1,3865
1971-08-10,184,192,182.5,185.5,2708
1971-08-11,185,185.8,181.8,185.7,2588
1971-08-12,185,185,182.3,182.6,3321
1971-08-13,183.5,184,180.8,181.1,2331
1971-08-14,180.5,187,179.6,183.9,1160
1971-08-15,184,186,183,183.9,1273
1971-08-16,183.5,187.2,183.5,187,1613
1971-08-17,187.5,188.8,186.5,188.1,1122
1971-08-18,187.5,188,180.8,182.7,2159
1971-08-19,183,184,179.2,179.3,1324
1971-08-20,179,180.3,176.2,176.8,1642
1971-08-21,177.5,178.1,175.8,176.5,784
1971-08-22,176.8,180,176.8,179.9,2114
1971-08-23,180.9,180.9,177,180,1127
1971-08-24,179,179,176,178.6,743
1971-08-25,178.6,180.5,177.9,179.2,9132
1971-08-26,179.5,180.2,178.4,179.5,5804
1971-08-27,180,181.7,180,181.5,5853
1971-08-28,182.5,183.5,182,182.2,7621
1971-08-29,182.3,183,179.1,179.6,9847
1971-08-30,180,180.8,178.9,179.3,7519
1971-08-31,179.3,180.2,178,178.2,9036
1971-09-01,178.8,178.9,175.8,176.1,11732
1971-09-02,176,176,171.2,172.1,14524
1971-09-03,172.5,173.6,171.6,172.4,8319
1971-09-04,173.5,175.3,173.3,173.6,8376
1971-09-05,173.6,175.7,173,174.1,8344
1971-09-06,174.5,175.3,172.2,172.7,10123
1971-09-07,171.5,175,170.7,174.4,7971
1971-09-08,175,176.3,174.4,175.3,6708
1971-09-09,175.8,176.7,175.2,176,9500
1971-09-10,175.5,175.5,171.9,172.6,9380
1971-09-11,172.3,173.2,172,172.1,4957
1971-09-12,172,174,171.1,173.4,7094
1971-09-13,173.7,173.8,171.3,172.2,6588
1971-09-14,173,176.1,173,174,12101
1971-09-15,173.7,174.9,173.7,174.6,6122
1971-09-16,175,175.2,172.8,173.9,6252
1971-09-17,173.5,177,173.2,176.8,11299
1971-09-18,176.1,177.2,175.6,176.9,10592
1971-09-19,176.9,178.4,176.9,177.2,10599
1971-09-20,176.7,177.1,175.9,176.2,11602
1971-09-21,178.7,181,178.4,180.5,7222
1971-09-22,182.5,190,182.5,187.1,7052
1971-09-23,187.7,191,186.7,190.7,4993
1971-09-24,187,187,181.8,181.8,3695
1971-09-25,182,184,178.8,180.8,3631
1971-09-26,180.5,180.5,178,178.9,3258
1971-09-27,179,180.8,179,180.5,1888
1971-09-28,180.5,180.5,177.8,178.7,1677
1971-09-29,178.5,178.9,177.4,178.2,1852
1971-09-30,181,181.5,177.1,177.2,765
1971-10-01,176.5,176.5,173.6,173.9,1190
1971-10-02,174.3,174.3,172.9,173.2,1602
1971-10-03,173.7,175.4,173.5,175.1,1058
1971-10-04,177.5,178,175.9,176.8,875
1971-10-05,177,177,173.5,173.7,588
1971-10-06,170.9,174,169.5,173.6,9869
1971-10-07,174.3,174.3,170.5,170.6,6558
1971-10-08,170,171.2,168.7,168.9,5944
1971-10-09,169.8,171.9,168.9,171.1,6820
1971-10-10,171.5,171.5,167.4,168.1,6923
1971-10-11,167.5,168,166.8,167.4,10553
1971-10-12,168.2,170.2,168.2,169.1,5645
1971-10-13,169.6,169.8,165.7,166.2,4741
1971-10-14,166.8,168.5,165.3,166.9,4529
1971-10-15,166.5,169,166,168.7,2178
1971-10-16,168.2,172.2,168,172.1,2128
1971-10-17,171.8,172.4,170.7,171.9,2971
1971-10-18,172.3,173.6,172,172.9,1673
1971-10-19,172.6,174,172.6,173.9,1643
1971-10-20,176.5,177.5,176,176.5,1356
1971-10-21,172.5,174.5,171.5,174.4,684
1971-10-22,173.5,174.9,171.7,174.4,497
1971-10-23,174.5,175,173.5,174.4,873
1971-10-24,174.4,177.8,173.3,177.8,1046
1971-10-25,178.5,178.5,176.5,177.2,865
1971-10-26,176.8,176.8,175.6,176.8,298
1971-10-27,177,177,176.3,176.9,284
1971-10-28,178,180.9,177.6,180.4,5392
1971-10-29,180,181.9,179.4,181.2,5874
1971-10-30,179.5,180.7,179,179.9,4490
1971-10-31,179.4,180.7,177.7,180.4,6168
1971-11-01,180.8,180.8,176.5,176.6,4591
1971-11-02,176,176.5,174.2,174.3,6459
1971-11-03,174.3,175,173,173.8,8047
1971-11-04,173.5,176.2,173.5,175.7,4297
1971-11-05,176,177,175.4,176.9,5619
1971-11-06,177.5,181.5,177.5,181.2,3072
1971-11-07,180,180,178.5,178.9,2898
1971-11-08,178,180.7,177,180.7,3371
1971-11-09,181,184.7,181,184.6,1797
1971-11-10,184,186.5,183.3,186.4,1719
1971-11-11,184,185.3,182.4,184.1,1334
1971-11-12,184.5,186,183.8,185,1069
1971-11-13,184.5,185,181,182.2,1204
1971-11-14,182,184.4,181,184.2,1534
1971-11-15,184,184,180.4,180.7,1085
1971-11-16,179.7,181.1,178.2,178.3,5701
1971-11-17,178.1,178.8,175,175.1,6980
1971-11-18,174.8,177,174,175.8,6987
1971-11-19,176.2,178,176.2,176.5,8287
1971-11-20,175.8,177.2,175.2,176.5,7838
1971-11-21,176.5,178,175.8,177.2,11077
1971-11-22,177.5,177.6,176,176.9,7423
1971-11-23,175.9,175.9,173.8,174.3,4316
1971-11-24,174.7,176,174.3,175.5,2404
1971-11-25,176.8,184.5,176.6,183.5,4019
1971-11-26,185,185.5,182.6,183.6,1558
1971-11-27,182.6,184.5,182.6,183.4,923
1971-11-28,185,192,183.9,191.8,2202
1971-11-29,190.5,191.7,189.3,191,1101
1971-11-30,191,191,185.5,187.8,1310
1971-12-01,187.5,187.5,184.5,184.6,956
1971-12-02,188,188,183.2,183.8,716
1971-12-03,183,183,180,180.6,697
1971-12-04,180.7,180.7,178.8,179.3,363
1971-12-05,179,180.3,178.5,180.2,647
1971-12-06,181,181,178.7,179.2,355
1971-12-07,180.3,181.4,179.8,181.1,616
1971-12-08,180.5,183,180.5,182.9,899
1971-12-09,185,185.5,182.3,185.4,16000
1971-12-10,185.5,185.5,183.8,184.3,7918
1971-12-11,184,184,182.6,182.8,7727
1971-12-12,182.2,182.2,179.6,179.8,14695
1971-12-13,179,180,177.8,178.1,13716
1971-12-14,178,179,177.6,177.7,9141
1971-12-15,178.3,178.8,177.1,178.2,5927
1971-12-16,178.2,181.4,178.2,180.3,9563
1971-12-17,180.5,182.3,180.1,180.2,8455
1971-12-18,179.7,179.7,175.9,176,12301
1971-12-19,175.8,176,174.6,174.9,8904
1971-12-20,174.9,177.5,174.9,177.4,7986
1971-12-21,177.5,177.8,176.3,177.1,5693
1971-12-22,173,174.7,172.2,173.1,11075
1971-12-23,173.3,175.2,173.1,174.3,6357
1971-12-24,174.8,174.8,172.5,172.6,6462
1971-12-25,172.3,174.4,169.4,169.8,12440
1971-12-26,169.8,171.3,169.4,170.4,6004
1971-12-27,170.7,174.8,170.7,173.7,7443
1971-12-28,174.8,176,173.3,174.9,7511
1971-12-29,173.8,173.8,170,171.9,7991
1971-12-30,172.5,176,172.3,174.5,8565
1971-12-31,175.5,175.9,171.8,173.2,6611
1972-01-01,173.4,173.4,170.1,172.6,11529
1972-01-02,173,173.8,170,170.2,11112
1972-01-03,170.2,173.4,169.2,172.7,16742
1972-01-04,173,174.5,172,172.9,5411
1972-01-05,172.8,180,171.7,179.7,6799
1972-01-06,178,179.5,176.4,177.5,5863
1972-01-07,177,177,173.9,174.3,4553
1972-01-08,174,176.6,173.7,176,4519
1972-01-09,175.5,175.8,172.2,174.6,4115
1972-01-10,174.5,175.7,173.8,175,3516
1972-01-11,175.5,175.5,174.2,175.3,4014
1972-01-12,175.3,178.7,174.5,177.3,3001
1972-01-13,175,175,172.5,175,3666
1972-01-14,175,176,173.4,175.7,3083
1972-01-15,177.5,178.1,175.8,176,1858
1972-01-16,176,176.1,173.8,175,2324
1972-01-17,174.5,174.5,172.7,172.7,1163
1972-01-18,171.5,172.2,169,169.2,11110
1972-01-19,169.2,169.8,164.5,164.7,8007
1972-01-20,165.3,166.3,165.2,165.9,3702
1972-01-21,166.1,166.3,163.2,163.3,11123
1972-01-22,163,164.8,162.5,162.7,9708
1972-01-23,164.3,164.3,160.8,162.8,2540
1972-01-24,163.2,165.5,163,165.3,2680
1972-01-25,167,170.1,167,168.5,2377
1972-01-26,168.8,169.3,164.4,164.7,1859
1972-01-27,164.7,165.5,162.3,165.4,849
1972-01-28,165.5,165.5,164,164.2,1462
1972-01-29,164,164,161.1,161.1,1005
1972-01-30,157,159.5,157,159.4,1089
1972-01-31,160,160.3,159.2,160,645
1972-02-01,161.7,162.1,160.1,161.2,842
1972-02-02,160.5,165.2,160,164,459
1972-02-03,164,164.8,163,164.7,163
1972-02-04,164,164,163.5,163.5,58
1972-02-05,164,165.5,163,164.4,160
1972-02-06,169,170.2,167.6,167.8,9063
1972-02-07,165.5,165.5,162,162.8,13149
1972-02-08,163,163.5,162.1,162.2,6563
1972-02-09,161.4,164.6,160.6,163.1,7873
1972-02-10,162.5,163.6,161.7,162,5673
1972-02-11,161.5,164.2,161.2,162.1,7927
1972-02-12,161.5,164.1,161.5,163.8,7121
1972-02-13,164.7,165.3,163.7,164.7,6173
1972-02-14,163.8,165.2,163.3,164.8,5501
1972-02-15,165.4,165.4,163.8,163.8,6009
1972-02-16,163.8,165.3,163.8,165,8643
1972-02-17,164.5,165.8,162.3,162.6,10369
1972-02-18,162.5,164,162.3,163.8,4959
1972-02-19,163.8,165,163.4,164.7,4305
1972-02-20,163,167.5,163,166.1,13076
1972-02-21,166.5,168.9,164.7,168.4,10505
1972-02-22,168.5,168.9,167.1,167.4,8474
1972-02-23,167.1,168.7,167,168.4,5047
1972-02-24,169.5,170.7,167.5,167.8,8586
1972-02-25,167.8,168.3,166.2,167.5,4563
1972-02-26,167.2,167.9,166.3,167.1,5534
1972-02-27,166.8,166.9,165.9,166.8,6367
1972-02-28,168,169.5,167.4,169.4,9004
1972-02-29,170,171.4,169.1,169.6,7691
1972-03-01,169.5,169.5,166.9,167.1,8141
1972-03-02,167,168.4,166.6,168.2,5646
1972-03-03,168.2,171.6,167.8,170.1,4135
1972-03-04,170,171.3,168.1,168.5,2962
1972-03-05,168.3,171.2,168,171,2338
1972-03-06,172,173.5,170.3,170.5,1874
1972-03-07,170.3,170.5,168.5,169.4,2262
1972-03-08,169.5,172.3,169.5,172.1,957
1972-03-09,171.2,171.6,167.8,167.9,2912
1972-03-10,167.5,168.8,165.9,168.3,1842
1972-03-11,168.5,169.8,168,169.3,597
1972-03-12,169,169,165.3,165.4,1527
1972-03-13,165,165,162.5,163.3,1251
1972-03-14,162.5,163.4,161.3,161.4,1257
1972-03-15,162,162.8,161.2,161.5,539
1972-03-16,165.8,165.9,164.2,164.6,7600
1972-03-17,164.1,167,164.1,166.2,8345
1972-03-18,166.7,166.9,165.6,166,4391
1972-03-19,166,166.2,164.2,164.9,6287
1972-03-20,164.5,166.3,164.3,165.2,7257
1972-03-21,165.2,166.8,164.3,166.6,6081
1972-03-22,166.7,167.9,166.2,167.7,5276
1972-03-23,169.5,175.3,169,175,17878
1972-03-24,176.5,176.5,173.4,174.9,12705
1972-03-25,174.8,175.1,172.3,172.6,6869
1972-03-26,172.1,172.9,170.5,171.2,7406
1972-03-27,170.8,171.5,170.1,171.3,5569
1972-03-28,171.3,172,171,171.4,4748
1972-03-29,170.8,170.8,168.2,169.2,7995
1972-03-30,168.8,170,168.8,169.9,4054
1972-03-31,169.2,171.6,168.4,170.7,9051
1972-04-01,171.1,172.4,170.4,171.4,4855
1972-04-02,172.3,172.6,171.2,171.4,6042
1972-04-03,171.4,173,171.2,172.9,6056
1972-04-04,173.7,174.2,170.5,170.5,7124
1972-04-05,170.6,170.9,169.5,170.4,5162
1972-04-06,170.8,174,170.8,173.8,6693
1972-04-07,174.5,175.8,171.7,171.9,8050
1972-04-08,171.6,175.4,171.6,175.1,7234
1972-04-09,177,178,174.7,177.5,11981
1972-04-10,177.5,177.8,176.1,177.2,6047
1972-04-11,176,177.6,175.8,176.6,6738
1972-04-12,176.2,176.2,171.1,171.5,9176
1972-04-13,172,173.3,171.2,173.1,5202
1972-04-14,173,174.4,173,174,1920
1972-04-15,173.7,173.8,172.6,172.9,3244
1972-04-16,172,174.6,171.8,173.9,1342
1972-04-17,175,175,172.4,172.9,1867
1972-04-18,173.2,173.2,170.8,170.9,3423
1972-04-19,170.3,170.7,169.5,169.9,2701
1972-04-20,169.8,171.3,169.8,170.4,622
1972-04-21,170.7,170.8,168.4,169.9,2569
1972-04-22,169,169.7,168.6,169.5,748
1972-04-23,169.5,169.7,168.5,169.5,853
1972-04-24,170.1,171,169.7,170.2,435
1972-04-25,170.8,171,169.6,170.2,663
1972-04-26,170.2,170.7,169.8,170.5,861
1972-04-27,171,171.5,169.1,171.2,988
1972-04-28,171.1,171.6,169.2,169.6,403
1972-04-29,174.4,175.9,173.5,173.8,14088
1972-04-30,173.3,174.7,172.6,174.3,8503
1972-05-01,174.6,174.8,172.3,172.7,7835
1972-05-02,172.4,173.3,171,172.9,12601
1972-05-03,173.9,174.2,172.3,172.6,9651
1972-05-04,172.2,173.6,171.9,173,6972
1972-05-05,173.7,174.8,173.3,173.7,10895
1972-05-06,174.7,175.7,174.1,174.3,12286
1972-05-07,174,174,172.5,173.5,9145
1972-05-08,173.2,174.5,172.9,174.3,5936
1972-05-09,174,175.7,173.4,175.6,10614
1972-05-10,175.8,177,174.8,176.3,12508
1972-05-11,176.3,176.3,172.3,172.6,14531
1972-05-12,172.5,173,170.9,172.4,12057
1972-05-13,175.5,175.5,173.5,173.6,11312
1972-05-14,173.1,173.9,172.6,173.3,5762
1972-05-15,172.9,174.4,172.7,173.3,6857
1972-05-16,173.2,173.3,170.9,171.1,10974
1972-05-17,170.8,172.3,170.8,171.7,6502
1972-05-18,172.5,174.8,172.5,174.7,10036
1972-05-19,175.8,175.9,173.4,174.9,14825
1972-05-20,174.8,174.9,172,172.8,8407
1972-05-21,173,173.5,172.5,172.8,7026
1972-05-22,173,173.7,171.8,171.8,7471
1972-05-23,172.2,172.3,171,171.3,7851
1972-05-24,170.7,170.8,167.6,167.8,9394
1972-05-25,163,163.5,158.9,160.6,9491
1972-05-26,162,162.4,160.7,161.5,6654
1972-05-27,163,163.9,160.1,163.3,5591
1972-05-28,162.5,163.5,162,163.4,4477
1972-05-29,161.5,161.6,158.9,159.1,3666
1972-05-30,160,160.4,159.2,160,2858
1972-05-31,159.5,161.4,158.6,161.1,4171
1972-06-01,161,161,159.2,159.3,2682
1972-06-02,160,162.2,160,162.1,2434
1972-06-03,163.8,163.8,162.2,163.1,2108
1972-06-04,166,167.8,165.2,167.5,2649
1972-06-05,168,169.5,166,166,1031
1972-06-06,165,165,162.2,162.2,622
1972-06-07,162.2,164,161.9,164,1285
1972-06-08,165.5,168,165,167.9,259
1972-06-09,173.5,178.3,172.5,177.4,11696
1972-06-10,176.8,176.8,172.8,174.8,6353
1972-06-11,175,175.9,171.9,172.6,5915
1972-06-12,172.5,175.7,171.6,175.1,4993
1972-06-13,183,187,179.5,180.9,9063
1972-06-14,179.5,180.2,177.9,179.1,9596
1972-06-15,178.5,185,177.5,184,4006
1972-06-16,185,191.4,184.2,190.9,4556
1972-06-17,191,196,189.3,195.5,2297
1972-06-18,190,190.5,185,185.2,2746
1972-06-19,180,181.5,175.2,178.6,3270
1972-06-20,179.5,180.5,175,175.9,2027
1972-06-21,175.5,178.3,174,177.9,991
1972-06-22,178.2,179.1,178.2,178.8,890
1972-06-23,180,180,179.1,179.7,1287
1972-06-24,176.7,178,176,178,1382
1972-06-25,178.5,179,171.5,171.9,3259
1972-06-26,173,175.5,171.5,175.4,527
1972-06-27,177.5,178.8,176.5,176.7,725
1972-06-28,164.5,170,163.5,168.8,1544
1972-06-29,169,169.5,167,169.5,2520
1972-06-30,180,181,177,177,1701
1972-07-01,176,181.7,176,181.3,5232
1972-07-02,180.6,182.4,178.3,181.4,6106
1972-07-03,184,186.5,182.5,185.4,5187
1972-07-04,185,187,184.5,185,5848
1972-07-05,184.7,188.6,184.5,185.9,7074
1972-07-06,185.5,186.7,184.3,186.5,5122
1972-07-07,188,190.5,187.3,190,3823
1972-07-08,189.5,191.1,189.3,190.7,2400
1972-07-09,190,191,186.2,190.8,2901
1972-07-10,190,190.4,188,188.4,1681
1972-07-11,187.8,188,186.5,187.2,1679
1972-07-12,187,190.4,186,189.1,2186
1972-07-13,188.8,189,187.5,188.1,1832
1972-07-14,189,191.5,188.8,191.5,2171
1972-07-15,191.7,194,191.7,193.8,1809
1972-07-16,195.2,197.1,195,196.4,1118
1972-07-17,197.8,202,196.5,200.8,3251
1972-07-18,201,202.5,199,202.3,3181
1972-07-19,201.5,203.7,200.4,203.4,3804
1972-07-20,201,201.5,199.3,200.7,1792
1972-07-21,199,201,193,193.6,7923
1972-07-22,192.7,192.7,188.4,190.7,7709
1972-07-23,191.5,192.3,189.5,190.6,5240
1972-07-24,193,193.5,190.6,191.1,5998
1972-07-25,190,191.6,189.3,190.7,5747
1972-07-26,191.3,191.8,189.4,191.1,8092
1972-07-27,190.5,194.2,190.3,192.8,4930
1972-07-28,195,195,192.2,193.6,7630
1972-07-29,194,194,191,191.9,2917
1972-07-30,190.5,190.5,188.5,189.4,3565
1972-07-31,190.3,191.3,188.7,191.1,1343
1972-08-01,190.8,191.4,189.3,190.6,2060
1972-08-02,190.7,190.7,187.6,187.8,2641
1972-08-03,187.3,188.2,186.6,186.9,1658
1972-08-04,186.9,186.9,185.2,185.6,1433
1972-08-05,177,179.5,176,179.4,1691
1972-08-06,179.5,180.5,178.3,180.3,808
1972-08-07,180.3,180.3,178.9,179.8,1635
1972-08-08,179,182.5,178.7,182.2,852
1972-08-09,183.5,184,181.4,181.4,680
1972-08-10,181.5,183,180.6,182.4,1024
1972-08-11,183,183.5,182.2,182.4,1288
1972-08-12,182.5,183.5,179.7,182.4,1269
1972-08-13,181,182.5,180.3,180.6,9033
1972-08-14,179.8,181.8,179.3,180.7,8898
1972-08-15,180,181,177.8,178.8,11335
1972-08-16,178.3,181.5,178,181,9147
1972-08-17,180.7,184.8,179.7,183.7,9777
1972-08-18,183.2,184.5,182.2,183.3,9155
1972-08-19,183.8,185.8,183.5,184.2,9776
1972-08-20,184.2,186.2,184.2,185.9,5749
1972-08-21,186,186.1,184.4,185.3,8709
1972-08-22,185.4,185.5,183,183.3,7864
1972-08-23,182,182,178.5,179.5,14939
1972-08-24,179.2,180.6,178.7,180.2,8627
1972-08-25,180.8,181,179.6,180.3,3597
1972-08-26,179.5,179.5,177.6,177.8,8338
1972-08-27,177.6,178.3,177,178.2,8820
1972-08-28,179.2,181.5,179,180.9,6598
1972-08-29,180.4,182.6,179.6,182,8384
1972-08-30,181.8,181.8,178.8,179.2,8203
1972-08-31,178.8,182,178.3,181.8,7248
1972-09-01,181.3,181.3,179.7,180.2,6229
1972-09-02,180.6,183.3,180.6,181.2,7535
1972-09-03,180.3,181.3,179.2,179.9,10110
1972-09-04,180.1,180.7,178.4,178.7,8634
1972-09-05,178.5,178.7,177.3,178.1,6001
1972-09-06,178,178.2,177,177.2,8414
1972-09-07,177,177.7,176.8,177.6,8480
1972-09-08,177.2,177.5,175.5,177.2,5175
1972-09-09,178,178,173.5,173.6,3763
1972-09-10,173.8,175,173.1,174.7,2621
1972-09-11,174.7,175.1,172.9,173.3,3117
1972-09-12,173,173.7,172.5,173.5,971
1972-09-13,172.5,174,172.2,173.3,1490
1972-09-14,173.5,173.7,170.9,171.3,2120
1972-09-15,170.8,171.3,169.9,170.7,1727
1972-09-16,171.2,171.4,169.2,169.3,1110
1972-09-17,169.6,172.4,169.4,172,1179
1972-09-18,171,171.8,170.2,171.4,1781
1972-09-19,171.6,172.1,170.9,171.6,2014
1972-09-20,171.3,173.9,171.3,173.9,1517
1972-09-21,174.4,176.7,173.4,176.4,1287
1972-09-22,172.7,173.9,172.1,173.6,5538
1972-09-23,173.7,176,173.7,175.4,7879
1972-09-24,175.2,175.4,173.9,175.2,2249
1972-09-25,175.3,177.6,174.4,177.3,3705
1972-09-26,176.8,177.5,176,176.7,6230
1972-09-27,176,176,173.5,173.6,7450
1972-09-28,173.2,175,173,174.7,3193
1972-09-29,174.3,174.3,172,172.1,3955
1972-09-30,172.1,172.8,170.5,170.7,4250
1972-10-01,170.5,173.9,170.5,173.2,2168
1972-10-02,172.6,173.3,171.3,172.4,2233
1972-10-03,171.8,174.5,171.5,174.5,2726
1972-10-04,174,175.8,173.2,173.2,3098
1972-10-05,172.5,174.4,172.5,174.2,987
1972-10-06,175.5,175.7,173.7,175.2,1793
1972-10-07,176,177.1,172.3,172.8,2397
1972-10-08,172.5,176.8,172,175.3,1662
1972-10-09,176,176,174,175.6,1310
1972-10-10,176,178,176,178,1552
1972-10-11,177.8,178.7,176.7,177.8,1459
1972-10-12,177.6,179.5,177.1,179.4,1452
1972-10-13,179.5,179.8,175.9,176,836
1972-10-14,176.2,177,175.6,176,6842
1972-10-15,176,178.5,175.1,178.4,9060
1972-10-16,177.5,178.3,176.2,177.3,6994
1972-10-17,177,179.3,176.1,179.1,8573
1972-10-18,179.1,180.3,176.7,176.8,13455
1972-10-19,176.5,176.8,174.5,175.2,14063
1972-10-20,175.8,176.4,174.5,175.8,8207
1972-10-21,174.8,178.7,173.7,177.2,11881
1972-10-22,177.2,178.8,176.8,178.6,5899
1972-10-23,177.6,179.8,176.2,177.6,7914
1972-10-24,177.5,177.5,176.2,176.6,5045
1972-10-25,176,176.1,174.3,175.4,10672
1972-10-26,175.4,177.5,174.4,177.3,8040
1972-10-27,176.9,177.4,173.7,173.9,10866
1972-10-28,173,173.5,172.2,172.7,9658
1972-10-29,172.5,173.3,172,172.8,6177
1972-10-30,173,173.2,171.5,172.1,6039
1972-10-31,172.7,173.5,171.7,173.3,6677
1972-11-01,173.3,174.6,171.8,173.4,5225
1972-11-02,173.9,174.4,172.8,174.1,5315
1972-11-03,174.2,174.9,173.6,174.6,5648
1972-11-04,174.2,175.8,173.6,175.2,7148
1972-11-05,175.5,175.5,174,174.6,5985
1972-11-06,174,174.1,173,173.1,7553
1972-11-07,173.4,173.4,172.5,172.6,7138
1972-11-08,173.2,174.5,173.1,174.1,3344
1972-11-09,174.5,176.3,174,176.2,2167
1972-11-10,176.5,177,175.8,176.4,1784
1972-11-11,176,177.5,175.5,177.4,1464
1972-11-12,177.4,177.4,175.5,176,944
1972-11-13,176.4,177,175.6,175.7,1303
1972-11-14,175.5,176.3,175.1,175.5,1460
1972-11-15,175.8,175.8,174.8,175.3,1869
1972-11-16,175,175.7,174.6,175,1667
1972-11-17,174.7,175.3,174.2,174.4,1156
1972-11-18,174.2,175.8,174,175,1760
1972-11-19,174.5,175.7,174.1,175.3,995
1972-11-20,175.5,176,174.4,175.1,1936
1972-11-21,175.8,177,175.3,176.5,1477
1972-11-22,177.6,179.2,176.8,179.2,1020
1972-11-23,179.6,179.6,178.7,179.2,576
1972-11-24,179.7,179.7,178.3,178.5,7543
1972-11-25,178.6,179,177,177.2,10995
1972-11-26,176.9,179,176.6,178.8,6951
1972-11-27,179,179.5,178.4,178.9,7226
1972-11-28,178.7,178.9,177.8,177.8,5635
1972-11-29,178.2,178.9,177.8,178.7,4493
1972-11-30,178.9,178.9,178.2,178.7,6045
1972-12-01,179.3,179.5,175.5,175.6,15675
1972-12-02,175.4,176.1,174.2,174.4,10236
1972-12-03,174.4,174.9,173.6,174.2,8295
1972-12-04,174.3,174.7,174,174.3,2109
1972-12-05,174.8,174.9,173.6,173.7,5114
1972-12-06,173.7,173.7,172.2,172.3,8726
1972-12-07,172.5,173.3,172.3,172.9,5518
1972-12-08,173.1,174.2,172.9,173.8,7128
1972-12-09,173.3,175.5,173.2,175.2,8728
1972-12-10,175.5,175.6,174.7,174.9,6014
1972-12-11,175.1,177,175,176.7,6509
1972-12-12,176.7,177.5,176.3,176.8,5341
1972-12-13,177,177,174.4,175.2,6380
1972-12-14,175,176.2,175,175.9,4673
1972-12-15,176,176.3,174.1,174.3,5556
1972-12-16,174.3,174.7,173.8,174.2,5339
1972-12-17,174.1,174.5,173.7,173.9,7202
1972-12-18,173.7,173.8,173,173,7826
1972-12-19,173,173.4,172.5,172.9,3827
1972-12-20,172.7,175.3,172.6,174.6,4029
1972-12-21,174.9,177,174.9,175.1,3032
1972-12-22,174.7,175.7,174.3,174.4,3609
1972-12-23,174.7,177.3,174.7,177.1,2949
1972-12-24,177.9,178.8,177.4,178.7,1601
1972-12-25,179,179,177.1,178.2,3227
1972-12-26,177.2,179.1,177.1,177.9,2312
1972-12-27,179.3,181.7,179.3,181.6,761
1972-12-28,181.2,187.5,180.4,187.5,1863
1972-12-29,185.5,186.8,183.8,185.5,1809
1972-12-30,186.2,188.7,185.8,185.9,1375
1972-12-31,185.5,189.8,184.9,189.5,1591
1973-01-01,187.8,188,181.5,182,1322
1973-01-02,184.8,184.9,182.8,184.6,7122
1973-01-03,182.8,182.8,178.2,179,28301
1973-01-04,179.7,180.4,179.2,179.8,7362
1973-01-05,179.8,182,179.2,181.4,9938
